{
  "n_total": 1596,
  "n_sample": 1000,
  "batch_time_sec": 16.350374399997236,
  "auc": 0.8320313336961505,
  "throughput_sps": 61.16067898727561,
  "per_sample_median_ms": 20.676599997386802,
  "classification_report": {
    "0": {
      "precision": 0.6741293532338308,
      "recall": 0.7304582210242587,
      "f1-score": 0.7011642949547219,
      "support": 371.0
    },
    "1": {
      "precision": 0.8327759197324415,
      "recall": 0.7917329093799682,
      "f1-score": 0.8117359413202934,
      "support": 629.0
    },
    "accuracy": 0.769,
    "macro avg": {
      "precision": 0.7534526364831362,
      "recall": 0.7610955652021134,
      "f1-score": 0.7564501181375076,
      "support": 1000.0
    },
    "weighted avg": {
      "precision": 0.7739180435614569,
      "recall": 0.769,
      "f1-score": 0.7707138605186664,
      "support": 1000.0
    }
  }
}