{
  "experiment": "minisbert_LogReg",
  "timestamp": "2025-08-12T08:30:24Z",
  "pipeline_file": "final/best_pipeline.joblib",
  "model": {
    "vec": {
      "class_name": "SBERTVectorizer",
      "params": {
        "batch_size": 16,
        "model_name": "all-MiniLM-L6-v2"
      }
    },
    "clf": {
      "class_name": "LogisticRegression",
      "params": {
        "C": 10,
        "class_weight": null,
        "dual": false,
        "fit_intercept": true,
        "intercept_scaling": 1,
        "l1_ratio": null,
        "max_iter": 100,
        "multi_class": "deprecated",
        "n_jobs": null,
        "penalty": "l2",
        "random_state": null,
        "solver": "saga",
        "tol": 0.0001,
        "verbose": 0,
        "warm_start": false
      }
    }
  },
  "data": {
    "n_total": 8465,
    "n_sample": 5000,
    "sample_seed": 42
  },
  "metrics": {
    "batch_predict": {
      "median_sec": 37.1145569000073,
      "repeats_sec": [
        36.1981409,
        37.1145569000073,
        38.930389000001014
      ]
    },
    "per_sample": {
      "median_ms": 8.108499998343177,
      "p95_ms": 26.55801501168752,
      "samples_measured": 200
    },
    "throughput_samples_per_sec": 134.71803027234893,
    "predict_proba_sec": 38.617080399999395,
    "auc": 0.9985990871733234,
    "accuracy": 0.9914,
    "classification_report": {
      "0": {
        "precision": 0.9936575052854123,
        "recall": 0.9962317475270843,
        "f1-score": 0.9949429613077737,
        "support": 4246.0
      },
      "1": {
        "precision": 0.9784656796769852,
        "recall": 0.9641909814323607,
        "f1-score": 0.9712758851035405,
        "support": 754.0
      },
      "accuracy": 0.9914,
      "macro avg": {
        "precision": 0.9860615924811987,
        "recall": 0.9802113644797226,
        "f1-score": 0.9831094232056571,
        "support": 5000.0
      },
      "weighted avg": {
        "precision": 0.9913665779836615,
        "recall": 0.9914,
        "f1-score": 0.9913739662161754,
        "support": 5000.0
      }
    }
  },
  "model_size_bytes": 91397677,
  "env": {
    "python": "3.11.3",
    "sklearn": "1.7.1",
    "platform": "Windows-10-10.0.19045-SP0"
  }
}