{
  "total_training_time_sec": 70.30078310000044,
  "time_per_sample_sec": 0.008304876916715942,
  "model_file_size_mb": 87.16361713409424,
  "num_samples": 8465,
  "overfit_classification_report": {
    "0": {
      "precision": 0.992842395044735,
      "recall": 0.9966837087190825,
      "f1-score": 0.9947593435388222,
      "support": 7237.0
    },
    "1": {
      "precision": 0.98,
      "recall": 0.9576547231270358,
      "f1-score": 0.9686985172981878,
      "support": 1228.0
    },
    "accuracy": 0.9910218546958063,
    "macro avg": {
      "precision": 0.9864211975223676,
      "recall": 0.9771692159230592,
      "f1-score": 0.9817289304185051,
      "support": 8465.0
    },
    "weighted avg": {
      "precision": 0.990979375420998,
      "recall": 0.9910218546958063,
      "f1-score": 0.9909787535065129,
      "support": 8465.0
    }
  }
}