{
  "accuracy": 0.9781453041937389,
  "auc": 0.9934946656258131,
  "report": {
    "0": {
      "precision": 0.98224043715847,
      "recall": 0.9924085576259489,
      "f1-score": 0.9872983178853416,
      "support": 1449.0
    },
    "1": {
      "precision": 0.9519650655021834,
      "recall": 0.8934426229508197,
      "f1-score": 0.9217758985200846,
      "support": 244.0
    },
    "accuracy": 0.9781453041937389,
    "macro avg": {
      "precision": 0.9671027513303267,
      "recall": 0.9429255902883843,
      "f1-score": 0.9545371082027131,
      "support": 1693.0
    },
    "weighted avg": {
      "precision": 0.9778770640432106,
      "recall": 0.9781453041937389,
      "f1-score": 0.9778550394889313,
      "support": 1693.0
    }
  },
  "best_arch": {
    "vec": {
      "class_name": "SBERTVectorizer",
      "params": {
        "model_name": "all-MiniLM-L6-v2",
        "batch_size": 16
      }
    },
    "clf": {
      "class_name": "LinearSVC",
      "params": {
        "dual": "auto",
        "tol": 0.001,
        "C": 0.8,
        "multi_class": "ovr",
        "fit_intercept": true,
        "intercept_scaling": 1,
        "class_weight": null,
        "verbose": 0,
        "random_state": null,
        "max_iter": 1000,
        "penalty": "l2",
        "loss": "hinge"
      }
    }
  },
  "timing": {
    "train_time_sec": 468.2941856999969,
    "inference": {
      "batch_median_sec": 12.42659289999574,
      "per_sample_avg_sec": 0.007339983992909474,
      "throughput_samples_per_sec": 136.2400791290572,
      "probability_time_sec": 12.411461900002905
    }
  },
  "model_size_bytes": 91399053
}