{
  "accuracy": 0.9746012994683992,
  "auc": 0.9948482377854262,
  "report": {
    "0": {
      "precision": 0.9847222222222223,
      "recall": 0.985406532314107,
      "f1-score": 0.9850642584230636,
      "support": 1439.0
    },
    "1": {
      "precision": 0.9169960474308301,
      "recall": 0.9133858267716536,
      "f1-score": 0.9151873767258383,
      "support": 254.0
    },
    "accuracy": 0.9746012994683992,
    "macro avg": {
      "precision": 0.9508591348265262,
      "recall": 0.9493961795428802,
      "f1-score": 0.9501258175744509,
      "support": 1693.0
    },
    "weighted avg": {
      "precision": 0.9745612958211509,
      "recall": 0.9746012994683992,
      "f1-score": 0.9745806624684888,
      "support": 1693.0
    }
  },
  "best_arch": {
    "vec": {
      "class_name": "SBERTVectorizer",
      "params": {
        "model_name": "all-MiniLM-L6-v2",
        "batch_size": 16
      }
    },
    "clf": {
      "class_name": "LinearSVC",
      "params": {
        "dual": "auto",
        "tol": 0.001,
        "C": 0.5,
        "multi_class": "ovr",
        "fit_intercept": true,
        "intercept_scaling": 1,
        "class_weight": null,
        "verbose": 0,
        "random_state": null,
        "max_iter": 1000,
        "penalty": "l2",
        "loss": "squared_hinge"
      }
    }
  },
  "timing": {
    "train_time_sec": 256.0521499000024,
    "inference": {
      "batch_median_sec": 12.652520399999048,
      "per_sample_avg_sec": 0.007473432014175456,
      "throughput_samples_per_sec": 133.80733217392222,
      "probability_time_sec": 12.606712699998752
    }
  },
  "model_size_bytes": 91399069
}