{
  "accuracy": 0.984251968503937,
  "auc": 0.9954772485940142,
  "report": {
    "0": {
      "precision": 0.9880514705882353,
      "recall": 0.9935304990757856,
      "f1-score": 0.9907834101382489,
      "support": 1082.0
    },
    "1": {
      "precision": 0.9615384615384616,
      "recall": 0.9308510638297872,
      "f1-score": 0.9459459459459459,
      "support": 188.0
    },
    "accuracy": 0.984251968503937,
    "macro avg": {
      "precision": 0.9747949660633484,
      "recall": 0.9621907814527864,
      "f1-score": 0.9683646780420974,
      "support": 1270.0
    },
    "weighted avg": {
      "precision": 0.9841267101934655,
      "recall": 0.984251968503937,
      "f1-score": 0.9841460532341915,
      "support": 1270.0
    }
  },
  "best_arch": {
    "vec": {
      "class_name": "SBERTVectorizer",
      "params": {
        "model_name": "all-MiniLM-L6-v2",
        "batch_size": 4
      }
    },
    "clf": {
      "class_name": "LinearSVC",
      "params": {
        "dual": "auto",
        "tol": 0.001,
        "C": 0.9,
        "multi_class": "ovr",
        "fit_intercept": true,
        "intercept_scaling": 1,
        "class_weight": null,
        "verbose": 0,
        "random_state": null,
        "max_iter": 1000,
        "penalty": "l2",
        "loss": "hinge"
      }
    }
  },
  "timing": {
    "train_time_sec": 242.63589169999614,
    "inference": {
      "batch_median_sec": 9.599535500005004,
      "per_sample_avg_sec": 0.00755868937008268,
      "throughput_samples_per_sec": 132.29806796374032,
      "probability_time_sec": 9.511294000003545
    }
  },
  "model_size_bytes": 91399053
}