{
  "total_training_time_sec": 66.4460145999983,
  "time_per_sample_sec": 0.007849499657412676,
  "model_file_size_mb": 87.16493034362793,
  "num_samples": 8465,
  "overfit_classification_report": {
    "0": {
      "precision": 0.9890245575524763,
      "recall": 0.9961309935055962,
      "f1-score": 0.9925650557620818,
      "support": 7237.0
    },
    "1": {
      "precision": 0.9761904761904762,
      "recall": 0.9348534201954397,
      "f1-score": 0.9550748752079867,
      "support": 1228.0
    },
    "accuracy": 0.9872415829887773,
    "macro avg": {
      "precision": 0.9826075168714763,
      "recall": 0.965492206850518,
      "f1-score": 0.9738199654850342,
      "support": 8465.0
    },
    "weighted avg": {
      "precision": 0.9871627439774573,
      "recall": 0.9872415829887773,
      "f1-score": 0.9871264329953449,
      "support": 8465.0
    }
  }
}