{
  "accuracy": 0.9803149606299213,
  "auc": 0.9926404926866821,
  "report": {
    "0": {
      "precision": 0.9817767653758542,
      "recall": 0.9953810623556582,
      "f1-score": 0.9885321100917431,
      "support": 433.0
    },
    "1": {
      "precision": 0.9710144927536232,
      "recall": 0.8933333333333333,
      "f1-score": 0.9305555555555556,
      "support": 75.0
    },
    "accuracy": 0.9803149606299213,
    "macro avg": {
      "precision": 0.9763956290647386,
      "recall": 0.9443571978444958,
      "f1-score": 0.9595438328236494,
      "support": 508.0
    },
    "weighted avg": {
      "precision": 0.9801878471737532,
      "recall": 0.9803149606299213,
      "f1-score": 0.9799725794023454,
      "support": 508.0
    }
  },
  "best_arch": {
    "vec": {
      "class_name": "TfidfVectorizer",
      "params": {
        "input": "content",
        "encoding": "utf-8",
        "decode_error": "strict",
        "strip_accents": null,
        "preprocessor": null,
        "tokenizer": null,
        "analyzer": "word",
        "lowercase": true,
        "token_pattern": "(?u)\\b\\w\\w+\\b",
        "stop_words": null,
        "max_df": 1.0,
        "min_df": 3,
        "max_features": null,
        "ngram_range": [
          1,
          2
        ],
        "vocabulary": null,
        "binary": false,
        "norm": "l2",
        "use_idf": true,
        "smooth_idf": true,
        "sublinear_tf": false
      }
    },
    "clf": {
      "class_name": "MultinomialNB",
      "params": {
        "alpha": 0.1,
        "fit_prior": true,
        "class_prior": null,
        "force_alpha": true
      }
    }
  },
  "timing": {
    "train_time_sec": 921.2723136999994,
    "inference": {
      "batch_median_sec": 0.1238290000037523,
      "per_sample_avg_sec": 0.00024375787402313446,
      "throughput_samples_per_sec": 4102.431578908062,
      "probability_time_sec": 0.1237266000098316
    }
  },
  "model_size_bytes": 2988321
}