{
  "total_training_time_sec": 777.7628863999998,
  "time_per_sample_sec": 0.0918798448198464,
  "model_file_size_mb": 418.21125507354736,
  "num_samples": 8465,
  "overfit_classification_report": {
    "0": {
      "precision": 0.9993094876398287,
      "recall": 0.9998618211966285,
      "f1-score": 0.9995855781185247,
      "support": 7237.0
    },
    "1": {
      "precision": 0.9991830065359477,
      "recall": 0.995928338762215,
      "f1-score": 0.9975530179445351,
      "support": 1228.0
    },
    "accuracy": 0.999291199054932,
    "macro avg": {
      "precision": 0.9992462470878882,
      "recall": 0.9978950799794217,
      "f1-score": 0.9985692980315299,
      "support": 8465.0
    },
    "weighted avg": {
      "precision": 0.9992911392883147,
      "recall": 0.999291199054932,
      "f1-score": 0.9992907188280747,
      "support": 8465.0
    }
  }
}