{
  "n_total": 1596,
  "n_sample": 1000,
  "batch_time_sec": 18.655054400000154,
  "auc": null,
  "throughput_sps": 53.60477533638239,
  "per_sample_median_ms": 21.241650000320078,
  "classification_report": {
    "0": {
      "precision": 0.6649746192893401,
      "recall": 0.706199460916442,
      "f1-score": 0.6849673202614379,
      "support": 371.0
    },
    "1": {
      "precision": 0.8201320132013201,
      "recall": 0.7901430842607313,
      "f1-score": 0.8048582995951417,
      "support": 629.0
    },
    "accuracy": 0.759,
    "macro avg": {
      "precision": 0.7425533162453302,
      "recall": 0.7481712725885867,
      "f1-score": 0.7449128099282898,
      "support": 1000.0
    },
    "weighted avg": {
      "precision": 0.7625686200599755,
      "recall": 0.759,
      "f1-score": 0.7603787462623376,
      "support": 1000.0
    }
  }
}