{
  "total_training_time_sec": 76.81350630000088,
  "time_per_sample_sec": 0.009074247643236963,
  "model_file_size_mb": 87.16492938995361,
  "num_samples": 8465,
  "overfit_classification_report": {
    "0": {
      "precision": 0.993115792372298,
      "recall": 0.9966837087190825,
      "f1-score": 0.9948965517241379,
      "support": 7237.0
    },
    "1": {
      "precision": 0.9800332778702163,
      "recall": 0.9592833876221498,
      "f1-score": 0.9695473251028807,
      "support": 1228.0
    },
    "accuracy": 0.9912581216774956,
    "macro avg": {
      "precision": 0.9865745351212571,
      "recall": 0.9779835481706162,
      "f1-score": 0.9822219384135094,
      "support": 8465.0
    },
    "weighted avg": {
      "precision": 0.9912179391167096,
      "recall": 0.9912581216774956,
      "f1-score": 0.9912191919732928,
      "support": 8465.0
    }
  }
}