{
  "accuracy": 0.9756673753838885,
  "auc": 0.9921653992275656,
  "report": {
    "0": {
      "precision": 0.9771986970684039,
      "recall": 0.9947499309201436,
      "f1-score": 0.9858962070382035,
      "support": 3619.0
    },
    "1": {
      "precision": 0.9653916211293261,
      "recall": 0.8631921824104235,
      "f1-score": 0.9114359415305245,
      "support": 614.0
    },
    "accuracy": 0.9756673753838885,
    "macro avg": {
      "precision": 0.971295159098865,
      "recall": 0.9289710566652836,
      "f1-score": 0.948666074284364,
      "support": 4233.0
    },
    "weighted avg": {
      "precision": 0.9754860713593102,
      "recall": 0.9756673753838885,
      "f1-score": 0.9750956865983936,
      "support": 4233.0
    }
  },
  "best_arch": {
    "vec": {
      "class_name": "SBERTVectorizer",
      "params": {
        "model_name": "all-MiniLM-L6-v2",
        "batch_size": 16
      }
    },
    "clf": {
      "class_name": "LogisticRegression",
      "params": {
        "penalty": "l2",
        "dual": false,
        "tol": 0.0001,
        "C": 4.0,
        "fit_intercept": true,
        "intercept_scaling": 1,
        "class_weight": null,
        "random_state": null,
        "solver": "lbfgs",
        "max_iter": 100,
        "multi_class": "deprecated",
        "verbose": 0,
        "warm_start": false,
        "n_jobs": null,
        "l1_ratio": null
      }
    }
  },
  "timing": {
    "train_time_sec": 551.2276298000033,
    "inference": {
      "batch_median_sec": 31.95127550000325,
      "per_sample_avg_sec": 0.0075481397354130045,
      "throughput_samples_per_sec": 132.4829739582562,
      "probability_time_sec": 32.143492300005164
    }
  },
  "model_size_bytes": 91399233
}