{
  "n_total": 1596,
  "n_sample": 1000,
  "batch_time_sec": 0.3315375999954995,
  "auc": null,
  "throughput_sps": 3016.2491373936914,
  "per_sample_median_ms": 0.5616499984171242,
  "classification_report": {
    "0": {
      "precision": 0.7433333333333333,
      "recall": 0.601078167115903,
      "f1-score": 0.6646795827123696,
      "support": 371.0
    },
    "1": {
      "precision": 0.7885714285714286,
      "recall": 0.8775834658187599,
      "f1-score": 0.8306997742663657,
      "support": 629.0
    },
    "accuracy": 0.775,
    "macro avg": {
      "precision": 0.7659523809523809,
      "recall": 0.7393308164673315,
      "f1-score": 0.7476896784893676,
      "support": 1000.0
    },
    "weighted avg": {
      "precision": 0.7717880952380952,
      "recall": 0.775,
      "f1-score": 0.7691062831998331,
      "support": 1000.0
    }
  }
}