{
  "accuracy": 0.9837758112094396,
  "auc": 0.9986869442366825,
  "report": {
    "0": {
      "precision": 0.986159169550173,
      "recall": 0.9947643979057592,
      "f1-score": 0.9904430929626412,
      "support": 573.0
    },
    "1": {
      "precision": 0.97,
      "recall": 0.9238095238095239,
      "f1-score": 0.9463414634146341,
      "support": 105.0
    },
    "accuracy": 0.9837758112094396,
    "macro avg": {
      "precision": 0.9780795847750865,
      "recall": 0.9592869608576415,
      "f1-score": 0.9683922781886376,
      "support": 678.0
    },
    "weighted avg": {
      "precision": 0.9836566432924028,
      "recall": 0.9837758112094396,
      "f1-score": 0.9836131945813127,
      "support": 678.0
    }
  },
  "best_arch": {
    "vec": {
      "class_name": "SBERTVectorizer",
      "params": {
        "model_name": "paraphrase-MPNet-base-v2",
        "batch_size": 16
      }
    },
    "clf": {
      "class_name": "LogisticRegression",
      "params": {
        "penalty": "l2",
        "dual": false,
        "tol": 0.0001,
        "C": 10,
        "fit_intercept": true,
        "intercept_scaling": 1,
        "class_weight": null,
        "random_state": null,
        "solver": "liblinear",
        "max_iter": 100,
        "multi_class": "deprecated",
        "verbose": 0,
        "warm_start": false,
        "n_jobs": null,
        "l1_ratio": null
      }
    }
  },
  "timing": {
    "train_time_sec": 13295.886833200002,
    "inference": {
      "batch_median_sec": 59.25860139999713,
      "per_sample_avg_sec": 0.08740206696164769,
      "throughput_samples_per_sec": 11.441377015017313,
      "per_sample_stats": {
        "median": 0.030160300000716234,
        "p95": 0.3103174849969946,
        "samples_measured": 100
      },
      "probability_time_sec": 59.21445830000448
    }
  },
  "model_size_bytes": 438526285
}